Start,End,Sequence,Length,Color
0[182],6[180],GTAATCGAACAAGAAAGGATTAATAATACGGAAGGGTATCGGCTAATAG,49,#aaaa00
0[385],17[389],AAAAGGTGAATTAGCAACTTATTAAATACAGAAA,34,#00f900
7[343],17[360],TAAACGGAACAAACCAATAAAGATCTAAAGTGAACCAA,38,#f74308
5[161],2[145],CTTCGAGTCTATCAGAGTGCATGTCAAGTCTAGATAATACATTAACTT,48,#333333
11[2],12[5],TCGTGCCAGTGAATC,15,#00f900
11[93],12[96],TGTTTTTATATTCATGGCAGAATCAG,26,#57bb00
12[95],13[105],TGAGGTGCCTGAGTGTAATAAGTTCGGCAGCTTTCGGAGAAGAAC,45,#cc0000
4[324],17[329],ATAGTATTCAACTAACCCTCAGCTATA,27,#b8056c
16[445],17[445],GTTTGAAATAGAGGCCTAAATTTAATG,27,#00f900
11[141],9[154],GCCAAATACCCCAGCCATTTGCAAAGAAACC,31,#57bb00
11[416],17[421],TTGTGTCGAAGTACAAAGCGACTGAAACATAATGATAATTTC,42,#00f900
5[322],4[325],ATAGCAATCTCCACGAATAAGGCGCCGCGCTTGAATGAGAGAGTAATAAAATGGGTA,57,#888888
17[330],2[326],TGTAGCGAAAGCTGAAAAGCCCAGGGCAGAAGTTTA,36,#7300de
13[5],2[5],GGCCAACGCGCGAATTAACTGCTGAGCATTGTCCAAATTGCCCGCTTGAAGA,52,#00f900
1[122],5[134],CAGCTTTGAGCAGGCGTCAGCGTTCCCGTAAGTAGGCCGGGT,42,#b8056c
13[106],2[98],TCAAACTATATTTACATCCAGTTGCTTCTGGTGAGGAA,38,#cc0000
15[276],6[294],AAGTCTAAACTTGAACCTGACTATAAAATGTTAAAATAAAGACTCTGAGAAGCAAAGGGAGCCT,64,#7300de
1[5],14[5],GAAGGTCGGGAATGCAGCCCCA,22,#00f900
8[442],3[445],GAGTAAAATGAAATA,15,#00f900
10[388],0[386],ACGCTCAATAATATATTACAGAAGAACAAGTCAGAGAGTATTGATGTTAGCCAGCA,56,#00f900
9[155],5[160],ACCAGAAGAGTCAATGATTGCATAACCGTAAGCCTATTATA,41,#cc0000
11[204],10[201],CAGTTATTTCAGGACCAGCTGAGACTCTTTTGATGATAGCC,41,#1700de
2[325],6[312],TTTTGTCACAATCATACCACAAAATGTTTTAAAAA,35,#1700de
17[290],11[290],ACCTGCTTTTAAACCAGGAATAGAGT,26,#57bb00
2[403],10[389],CTTATACCTGGGAATTAGATCAAAGCCA,28,#1700de
10[64],10[51],CGCCACGATAATTGTTAAAGTCGGGGAAGGT,31,#00f900
6[49],4[46],GGGTTTCCTCCTCGTGAGCTGCCATGCCATCCAAAAGGGTATAGGATAACAGAGC,55,#00f900
0[320],0[321],GTAGCGACTACCATTGAATACAAGATCGAATGCGCCAAAGAGAACGGACTACGAGCATCACCTAACACCAAGGCACAAAAGGGCAGCACCGTAATCA,97,#00f900
9[263],10[261],AATTCTTGACAAAACTAAAGTACGGTTAATTGCTAACAGG,40,#00f900
10[112],9[112],TTATCACACATTCGGCCTTATCGAAGTTCCGGGCAAACAGGCCGAAATGCATTT,54,#57bb00
0[144],10[113],TACCCCGGTTGATATGCGCAACTGTTCGAACG,32,#00f900
0[377],2[378],GTAGCATTAGGGGAGGATTCTTAAGCCAAACTCCAAAGAAATAACCCTACGTAG,54,#b8056c
2[377],17[378],AAAATAATCCTGAGACAGAGAA,22,#f74308
6[231],8[235],GCAAGGAATTAGTAATTTCCAAACCCAAGTTCGCAGCTTTC,41,#007200
11[122],17[132],TAAGTCTGGTAATATCGCCTTAACCTCATATTAGACGCTGACCGTAATGGGA,52,#007200
6[430],11[442],AACATGAACAAGGGCTTAGTTCCTCATAATTACTAG,36,#1700de
9[113],6[113],TAACACACTTGTACAGCAATACAGTGTATTTGCTCCGCTGCG,42,#cc0000
11[291],2[295],CAACGCGCACTAACTAAGATTTTCCCGACAAAAGATATAAT,41,#007200
4[45],17[49],ACGCTTTTTACGTAATGAGTTAAATCA,27,#b8056c
6[311],0[308],AGGCTACCCTCATTTAGAAGGAAATAGGTTAGAATCA,37,#00f900
4[445],6[431],ATAATAAGAGCAAGTCAGAATTGAGGAGAAT,31,#00f900
5[267],4[257],ACCCTTCCCCCTCAAATGCAGGACAATGCGCCATTTAGCGAGTTTT,46,#00f900
9[59],10[65],CAGCCAGTCGACATCAAACTTTAAAAGCCAAGTGGAGC,38,#1700de
1[215],0[203],GAGATTACAGACCCAGCAGAACCGAGCACAGGGGCAACCAGAGCCACTGAGTA,53,#57bb00
0[422],2[404],ACAAAGTTAAGGATTATACAAATTCTGGAAAGACTC,36,#b8056c
0[232],3[230],AAAATCACCGGAGGCATGAAGTATTATGATGACATTACAAGAACGAACCACCACACCATAGAATGCAGAGCCACCACCTCAGCCATTAGCTAAAACAGAACAAACAGTACGGGGCTTTGAAATGATGGTCCAGAGC,136,#00f900
10[260],9[262],TCAGGACCTTGTCTGGAAGAATTTGACCATATCGCAAGACACTCACCGTTTCGTTTT,57,#f7931e
16[404],9[415],AACGAAATCAACTCAGCGATTATACTAACAGACCAG,36,#888888
8[341],17[345],AAATCTATAACGTTTTGCCAGAATAGTCACGTAGGAATTAAAAATGCTGA,50,#f7931e
0[298],9[283],AGCGTCAGGCTTAGGTAAAGTAATTGCTCAACATCGCATTCGGTCACGA,49,#cc0000
0[168],4[171],CTACTGGCAGGGCATTTTATGTTCATCTGAATTAGAGGCGGAGTCCATAATAATTTT,57,#7300de
2[244],15[247],CATATCCCAGAAAAAGAAAACAAAGAAGC,29,#aaaa00
5[411],10[401],TCAGCCCTTTCCATTAACCGCCAGAAGAGCCATTGACTTTACC,43,#7300de
5[249],0[247],AATCAGTTCACTGCGTTTCAAAGGCGTTTG,30,#aaaa00
17[246],5[248],CTTCTGTCTAGAGGATGTCAAAA,23,#00f900
17[361],8[342],TCGAGGGCGGGGAGCTATCCCGAAGGCATATAACAATTGAGGAAACGCAAAAAAGAAGAA,60,#cc0000
11[43],9[58],CACAACCGGAGGGAGCTAGTGAAAAAGAGACG,32,#f74308
15[248],6[243],CCGAAAAGTACGCTCATTAATTGAAAACGAAATCGAA,37,#03b6a2
10[400],5[410],AGTATACCGTCTACGCAGTAGATACCTCTGTATGGCGATTTTATTATAATA,51,#00f900
12[265],15[275],GGAATACCGTAGTGGGTGTACATTTCAGATGAGATAGAATCCATAGTTTCTTA,53,#00f900
9[284],7[292],CGACCATCGAAGGCACAGGGA,21,#aaaa00
12[445],13[445],AGAATAAACACCGGTCCGCGTTAAATA,27,#00f900
7[293],11[302],GTTAACGCCGGCTTAGTATAAGAGAAGTCTGCCTGT,36,#7300de
0[337],7[342],TCGATAGCGTAATTTATAGCAAATTGCGAGCACTCATGTAGAACTGCGAA,50,#b8056c
0[262],2[245],GCCCCCTTATTAAGTATTAGCAAATCACAATTC,33,#1700de
9[416],4[420],GCGCATAGCCGACGAAAACTTAAGCTAACCGGATAAACGTAACGTGAATA,50,#57bb00
9[392],17[405],AAACAGAGTTATCCCTTTTGTTTCAAATAT,30,#cc0000
9[2],10[2],AGAGTACCTG,10,#00f900
17[228],12[229],TGAGTATTAAACAGGCGATACGTTA,25,#00f900
8[132],17[148],AACCATTATCAGTCTGGTCTGTCGGTAAAAGGGTGAAGCAGGTGTAGA,48,#888888
4[143],8[133],ACGAATATGATCAAAATTTTACAAGTATGGCGGGATTAG,39,#cc0000
5[279],0[277],CCACAATAGCCCAGTTTGGTCATTTCATC,29,#00f900
5[135],6[136],CACTGTGATTATCCTTGCCCT,21,#00f900
12[18],12[19],CTAGGGACGCCGCTGTAATGGTGGTGTGCTAATTTCAGAGGGTGC,45,#00f900
17[218],11[213],TCAACAAAAGCATATTAGAAACAATAACGGTATGAATAT,39,#b8056c
6[293],0[299],TTAATTGGAACCGCCACCCTCAGAGCCGTCAGTGAAGCTTCCTTT,45,#00f900
2[97],6[83],GCACGTTGCAACGCGGGGCACTGGTGGTGGCCA,33,#aaaa00
8[301],3[293],ACAGGATCCAATACTGCGGACGAG,24,#1700de
10[166],9[169],GCCATAAAGTAAGGGAAAGCACCCTCATCCGT,32,#03b6a2
6[442],5[445],TACAGATTAAGCCCA,15,#00f900
2[419],7[419],CTGGCATGCAAATCTTCATTAACG,24,#333333
7[420],0[423],TCAAGGTCAAGGGAGGACAAATAACCACAATTCAAAAGCTTACCCAATAACGATAGCCGA,60,#cc0000
17[370],10[362],ACAATTTCAGTTCACGTACAAACGAACTCATAAACCATTACCATTTGTGAGA,52,#f7931e
12[228],17[227],CATCCTGCGTTCAGTGACAGGCCTAATATCATTAATATATG,41,#007200
8[399],4[380],AATTGGTCCAGAACGGGTTAACTTTTTTATGCGGGGCGTAAAGTTTA,47,#03b6a2
7[92],11[92],CAGCCATTGGGCCAGCGGGCACTCCACCGAGCTGAGAAG,39,#333333
9[170],15[176],GGCATTCTAATTTAAAATCAATATCTGGAAAATATTCCCTATTTATAGACAACCTCAAGTAT,62,#03b6a2
4[379],9[364],CCAGACGACTAGCATTCTCCGCTCATTATACCCCTA,36,#57bb00
9[141],7[153],CGGAAAGGGGGCAGCAACCGGCGAAAGGCCGG,32,#00f900
0[276],5[278],GGCATTTGATAAGATAAATATGCCAACCATCTTCATTGAACAGAACCG,48,#aaaa00
9[92],7[102],CGATCGCCAAGCATCCTAGAGCTCCGGCA,29,#00f900
7[103],6[104],GCAGGTGCTCCGTGGGAACACGGCTGGATCGCCTGTGC,38,#7300de
6[82],17[93],GAATGTCTCGTGTGTGAGCGAGTAACAA,28,#b8056c
8[209],6[194],TATATTTTCATTTAACGTAACACCAAGAG,29,#f7931e
17[189],2[187],CGCCATAACGACAGTGAAAGCAATCAGAATTGAGCAGATTCGAATGAGA,49,#7300de
10[442],1[445],AAAAAGAAGCCCTTT,15,#00f900
15[56],13[56],AGCCAGCGGGGAAAACGTATAACAACAGGA,30,#f74308
5[79],9[91],GCCGTGTATGCTATGCGAAAGAGAATCTAATAATAACATTTTTCTGCAAGG,51,#00f900
0[83],5[78],CTCTATCGAACATCTGTAAATTGCCGTTCAGCGGT,35,#1700de
11[343],17[369],CAGATTTATTTAAAACGAAGATTGACTTGCGGGAGGTTTAACGCGTCTTTCTTACCTGAATACGGACATAAAGAGAGCAACTAAAAACCCAAGACAGCCCTTTTCGTCACAAAAGTAGTGGAAATATAGCAAGGCCGGAGGGAACATGCACTAATAATCTGATTTGTCGTCCGGCAAG,178,#f7931e
3[5],16[5],AAGCGCTTGGCCAGCGACGCGA,22,#00f900
6[278],11[272],TATCAGCTTGAGGCATAGGAATAACTATGA,30,#1700de
2[144],10[133],TACAGAGGATTTTGACAACTTCAACAAAAGCAGAATCGTA,40,#aaaa00
7[154],4[144],AGACATGGCATTGAAGTCAAATCACCATATTTCA,34,#cc0000
6[193],11[203],CATCTACTACCGTAAAAATAATGCTTTAGAATGAGATACTGCGGAGAAATGT,52,#f74308
3[294],6[279],ATTCTAGAAATATATAACATCGTCATACCTCATATCGGTT,40,#aaaa00
6[340],0[338],TTTTTGAACCCATAGAAGCCAGACCAACAAACCA,34,#aaaa00
6[179],0[169],AACCTATCAGTGAACAATTGATAACTATAGCATAAAA,37,#1700de
13[57],11[59],GGCCGTTGAATTAACCGATTAACGAGCATAAGGGATTT,38,#1700de
5[383],9[391],ACAACCCTCAGTTTAAAGAACTCAAGATTTTACTAATTAAACACTA,46,#f74308
6[33],11[34],GTTGTACTTCGTAGCGTGACTCA,23,#7300de
11[35],2[38],CAAAAGTTGAATCAGGTTTTTCTCAATAGCCCATAGAAA,39,#7300de
9[365],13[378],AAACAACTGTCTTTCCCAAGGAAACTTAAGCCTTAATCCAG,41,#333333
11[273],17[289],AGAGGAGAACTCAGCAAAGGCCTTCGGATAGTGAGGCTTGCAGGATTTTA,50,#1700de
11[303],17[317],TTATCGATAACATTTTTTTAATATCCACGAGGGGTTGGGTTA,42,#57bb00
15[187],0[183],CAAACCAATTAAAGTTGTATTAGTTGAAACCGTTGAACG,39,#00f900
2[186],15[186],TCTACAGAATCGGAATGAACCTTGCCTG,28,#1700de
12[71],6[70],ATCACGAACGGTACGCCGGCAGAGGCTGTTGAAATTTCTGACCATCGCGGCGGGC,55,#b8056c
17[76],12[72],ATTAAATACATCGCTCGTCACTTAGAAGAGTCTGTCC,37,#f7931e
17[379],5[382],CGCGTTTCAACGTTTGTACAACGCGA,26,#333333
0[51],0[36],GTTTATCTCCATTCGCATTACTTCCAGTCCCG,32,#333333
15[5],9[14],GCAGACCCGCCGTGGTTTGCAA,22,#00f900
6[400],8[400],GAGAATAATTGACATTAATTTCATTGTG,28,#1700de
17[5],5[19],AAATCCTGTTTGACCACCGTCACGCTAGAATAGGCCGTGG,40,#00f900
17[50],15[55],AAAGAATAGCTGTAGCGTTCCCCGAGATAGTTGACG,36,#00f900
17[346],6[352],TGCAAATTAGCAAACCGCGAACCACTATCAAAGTCATATAGCGAGATGAGCATAG,55,#00f900
6[69],0[52],CGTTTTCACGGTGTTACCTTTAAACATTCCTTACAGCGCCAT,42,#00f900
9[15],4[5],GCGGCACCGCCGATTGCGGCAACAGAAAGG,30,#333333
10[50],7[56],GAAGGGCGGCTTTCTGGTTGCTGGTTTCGCGTCT,34,#888888
5[20],0[5],ACTCAGACGCCACCTCACTGCGTTTATCACGTGGCGAGAAAG,42,#00f900
17[318],5[321],TATAAACAGATTAAGCTAGACCAGTAAATCGAAATCTAACATCGTCAACAGGG,53,#cc0000
0[97],8[82],TCGCCCCGGACAGCTGTACATTTAATCCTCCG,32,#f7931e
0[246],11[258],CCATCTTATTAAATTTTCAAATCGACAAGGCGGATACGCAGTAAGCGAGAGGGT,54,#00f900
0[68],0[69],AACGCACTAATGATATCGGCAGCCAGCAAGCTGACGTCGGAGCGA,45,#00f900
15[37],6[34],GCGTAGTTGCAAAAACCATCTCCTCAGTGCCTGTCCACA,39,#f74308
6[351],6[341],TTAGCGTAACACGGCTTTACGAGGCAGGACGTTGGGGAATTTGCAAAGTACCGTATAA,58,#1700de
11[259],0[263],TGATATAAGTCCCCTTTTTCGGTCATA,27,#00f900
6[103],0[98],ACTCTGATCAGAACATCGTATCAAGGCGA,29,#57bb00
2[37],11[42],TTTCAGGAACGACCAGAAAATCCCTTAGTTCTACTCAGCAGCATATTCCA,50,#aaaa00
8[64],6[50],TGATGAAGTTAACGGCGGCATACCGG,26,#57bb00
6[21],13[25],TAAGCCCTCTTTCTTCTCATGAGCTTATGGGCGG,34,#aaaa00
7[57],8[65],GGCCTAAAAATCCCCAGCTTTCAAAAAAAAGCCCCTTTAG,40,#1700de
8[234],17[245],GCACAATTTAGAATAACCTTG,21,#333333
17[422],10[422],ATCTTCTGACGCACCGGTACCTGCAAGCGCAAAAATCAT,39,#03b6a2
15[27],6[22],CGCTAACCCGGGAGGTTCGCGTTCTCAATGCAACGATTAT,40,#00f900
11[60],17[75],TAGACAGGCATAGCAATACTTCTTTGAGACTTGGTTGGCGGGCAATAATCAAC,53,#007200
10[421],2[420],ATGCGAACGCAATAAAAGAA,20,#cc0000
6[242],12[242],GCAAATCATACAGGGGTCCTAGAATGGACTCTG,33,#00f900
7[309],10[307],TGCGGGGGAAAGTTTCCGCCCTACATCGGACATCGTTCTAATAAATAAA,49,#00f900
12[30],17[27],AGCCTCCGAATAAGTTTCGAGCAGAGTCATTACCCAAGATCCGA,44,#7300de
17[28],12[31],AATCGGCTTTGGACAGCGCCAGTATGTAA,29,#00f900
10[132],9[140],TTAAAGGGACGACACAATATTACGACATTTTG,32,#57bb00
10[361],10[341],ATCGCGGTCAACATATAAAAGGAAACGTCACCAATGCGACGCCA,44,#00f900
10[340],9[338],ACATGACATTACCACGGAATATACACGTTAAAATACGTA,39,#007200
2[125],11[121],CAAGCGGTTAGTTTCAAATGGGTCGTGATTTTTGCCCAG,39,#cc0000
6[135],2[126],GCGGCTGAGATTCGGTGCCAGGTGATCGCAGAGCTCAATCTAAAATCGCATCCC,54,#f74308
0[35],15[26],GAATTTCCGTCGCAATGTAACTTGTGGTGCGC,32,#00f900
9[339],11[342],ATGCCACTGTACCGGCGTTCCGGTGCAAAT,30,#7300de
12[283],12[266],TTTACAACGCCTTACAACAGGCTTGGCAAGCCCGAGCCC,39,#f7931e
2[294],12[284],GCTGTAGCGGATGACTGTAGCGCGTTTTTTCTGTCTGAGAAGTGAA,46,#00f900
14[445],15[445],GATAAATAAGATGTAACCCGACCGTGT,27,#00f900
4[170],0[145],TGCGGTGGATGGCAATTCATCAATATAGTTTGGTTATTCTAGGAATCATATG,52,#7300de
17[390],11[398],ACTTCTAAATTTACTGCACAATTAGTTGCTATTT,34,#333333
10[306],7[308],GTAATGAGGACAACATTTCTGGATAGCACCCCAAAAGCCGCTTT,44,#f7931e
5[109],5[108],CCAGGTCAATAAGCATTGGGAAGAGCGCATTGCACTCATAACGAT,45,#00f900
13[26],15[36],TTTGCGGGGTCATAAGGAAATTTGGAGAGTGTTGTAGGGGGC,42,#aaaa00
0[445],9[442],TTAAGAAAAGTAAGCAGGACCGCCTGTTGACCTTCATCAA,40,#00f900
10[200],7[201],CCCGTTAGTTTTTAGCTGGGGCGTGAAAGTCTCCACGCTGTTTAATAGT,49,#007200
17[164],10[167],TAATGCGCGAACAGTCAATAATATCTTTCAAAGA,34,#007200
7[261],5[266],TTTTTCGCTTTAGTCTGACTCTTTACCACCGCC,33,#f74308
4[256],7[260],AAACAGGTATTATATAATTAATTCGAAATCCCTGGTTCGTAA,42,#1700de
6[206],5[207],TAAAGCCTCAATTTATAATGAGTATCACCTCACTTGGGGTCAGCCCCGTAAACG,54,#aaaa00
5[208],1[214],GGACCCTCCGCTCCGCCCG,19,#00f900
15[177],17[177],TAACAAGCAGTGGCAAAAGTATCAGTTACATAAAACTGAT,40,#f74308
11[182],17[188],TAAAAGAAGGAGTTGGCAATCAACACGAGAGGTGACCCTGTGCCGGAGCTGATCACCAGAAAACAT,66,#333333
17[178],11[181],AGCCCTCAGACCGCTGTCTTATCTGCACG,29,#007200
11[399],16[405],TGCCATCGTGTATACCCAGCTCACCCCTTCTCATGGTGTAGACAAATTAGATG,53,#333333
9[203],8[210],GAGGCAAGCCAGCTGGAATCATTAACATTTAGC,33,#007200
11[157],17[163],CCTTCACTAAAGGAGCTGACAAACGCCAGGAACTAGCATCTGGACGTGCGATTAACATGCATCGTAGTCTT,71,#f74308
17[133],11[140],TAGGTCACGTTCCGGTCAACGACCGTACATTTTATTCTG,39,#03b6a2
17[149],11[156],TGGGCGCCAACGCAACCAGTTGCAATCATGGAACAGAGATAGAAC,45,#f7931e
7[2],8[2],AGTGTCTGAG,10,#00f900
17[406],11[415],ATTTTAGTGGACTGACCAACCACGGAGATTCCTGATAAA,39,#03b6a2
11[214],6[207],ACAGTTGGCCTCACTGTCCAAAAAATTAAGCAA,33,#333333
5[5],6[2],AGCGGGCGGCGCTGGCA,17,#00f900
0[202],9[202],ACAGTGCACATGCCTATAATAAAAAGACAGTTTAAAAATATTAA,44,#00f900
3[231],0[233],CGCCGCGTTGATTAACACGCCAGCATACGATTGGCCTTGATTTCATAATC,50,#00f900
8[81],7[91],TTTATGTGCCCAATTTGCCGCGGTTGTCGCTGG,33,#333333
6[415],6[401],AAGCGCTTGTTTATAATCAACGACGAGAAAGCGCGACGG,39,#aaaa00
0[307],8[302],AGTTTGAATCATATGAAAATTTGCTTGAGATTATT,35,#00f900
13[379],0[378],AGCTCCTGAAAAGTATTCATTAATCACCA,29,#aaaa00
17[94],8[102],CCCGTCGGATTTCCCCATAACGGAACGTGCCGGTCCAGCCACCAAATAGCGG,52,#00f900
8[101],0[84],GGTCACTTTCCCTGCTGGTGCTGCGCCCCCTTACAAGGAATGCAAGTGCGGGC,53,#b8056c
4[419],6[416],AGGCTTGAGAGATAACAAACAGGG,24,#00f900
2[445],7[442],GCAATAGCTATCTTAAGCAAACTCTTGAAATAGCAGCCTT,40,#00f900
6[112],1[121],CGCCTGAGTTTAAACGGCGGATAACGAAAAGGCTGAAATGGGACCGCCATT,51,#57bb00
7[202],17[217],AGTAGTACGAAACAGTACATTTAGCTTATTCGCCTGTTCAAAAAAGTTTCATAAA,55,#00f900
12[241],6[232],AATTTGCCCATTAAGGATTAGAAACATCAAATGCAGCGGAG,41,#cc0000
